Years;Technologies;F;f_min;f_max;F_year
YEAR_2020;CCGT;1.49249;1.49249;1.49249;5335.338471473691
YEAR_2020;PV;0.1703;0.1703;0.1703;350.50038257229653
YEAR_2020;WIND_ONSHORE;0.1278;0.1278;0.1278;119.60038366660434
YEAR_2020;HYDRO_DAM;0.3719205;0.37192;0.371921;1354.0023560552884
YEAR_2020;HYDRO_RIVER;0.36372;0.36372;0.36372;1882.7969709999995
YEAR_2020;OCGT;1.05133;1.05133;1.05133;1134.693874710743
YEAR_2020;GENSET_DIESEL;0.1138605;0.11386;0.113861;247.6399599185568
YEAR_2020;ST_BIOMASS;0.12663;0.12663;0.12663;454.79847679493116
YEAR_2020;ST_SNG;0.001;0.001;0.001;
YEAR_2020;CONVENTIONAL_BULB;0.009840696;0.009840696;0.009840696;81.39991591614161
YEAR_2020;LED_BULB;0.002659632;0.002649632;0.002659632;23.29837632
YEAR_2020;CONVENTIONAL_LIGHT;0.006457935233143982;0.006457924;0.006467924;54.13269378674219
YEAR_2020;IND_BOILER_GAS;0.967876743;0.967866743;0.967876743;8006.342405747591
YEAR_2020;IND_BOILER_WOOD;0.6253398268746347;0.625329833;0.625339833;4900.598294850613
YEAR_2020;IND_BOILER_OIL;0.0015734208540876744;0.001563429;0.001573429;13.015739876423513
YEAR_2020;IND_BOILER_DIESEL;0.016363059161504077;;inf;129.00635842929813
YEAR_2020;IND_BOILER_LPG;0.017767712111765043;0.017757712;0.017767712;146.97610226343403
YEAR_2020;DHN_BOILER_GAS;;;inf;
YEAR_2020;DHN_BOILER_OIL;;;inf;
YEAR_2020;DEC_BOILER_GAS;4.76620149;4.76619149;4.76620149;135.75918183615104
YEAR_2020;DEC_SOLAR;0.007404560755805616;0.007391701;0.007401701;11.781285888823428
YEAR_2020;DEC_DIRECT_ELEC;44.09168958186993;;inf;1177.7598732499566
YEAR_2020;IND_ELEC_COLD;;;inf;
YEAR_2020;DEC_ELEC_COLD;0.01778074139230386;;inf;97.93415635
YEAR_2020;REFRIGERATOR_EL;0.03902744866438356;;inf;341.8804503
YEAR_2020;STOVE_WOOD;0.014329069;0.014319069;0.014329069;0.006644275074071428
YEAR_2020;STOVE_LPG;0.424856056;0.424846056;0.424856056;0.043539326058696176
YEAR_2020;STOVE_NG;0.576218299132256;;inf;5047.669141240423
YEAR_2020;STOVE_OIL;0.001978933;0.001968933;0.001978933;0.002500252731959695
YEAR_2020;STOVE_ELEC;0.035845593;0.035835593;0.035845593;0.0006222057122106097
YEAR_2020;TRAMWAY_TROLLEY;0.040264913557465885;;inf;352.71845974460075
YEAR_2020;CAR_FG_PUBLIC;0.007515179748087127;;inf;64.25019913741168
YEAR_2020;BUS_FG_PUBLIC;0.6511557066712068;;inf;5567.2017501449345
YEAR_2020;PICKUP_TRUCK_FG_PUBLIC;0.0008211690934633841;;inf;7.018566051471553
YEAR_2020;SUV_FG_PUBLIC;0.002439508260351705;;inf;20.854999211152208
YEAR_2020;MOTORCYCLE_FG_PUBLIC;0.0012238394776243533;;inf;10.016293522179494
YEAR_2020;CAR_GASOLINE_PUBLIC;0.06628173402626088;;inf;566.688923313909
YEAR_2020;BUS_GASOLINE_PUBLIC;5.743225222736695;;inf;49102.99796155361
YEAR_2020;PICKUP_TRUCK_GASOLINE_PUBLIC;0.007240659730627626;;inf;61.903057795221116
YEAR_2020;SUV_GASOLINE_PUBLIC;0.021514480127159334;;inf;183.94111618533805
YEAR_2020;MOTORCYCLE_GASOLINE_PUBLIC;0.01034035746635345;;inf;88.34264424588923
YEAR_2020;CAR_DIESEL_PUBLIC;0.020993957328700047;;inf;179.49105956129216
YEAR_2020;BUS_DIESEL_PUBLIC;1.819088767394535;;inf;15552.70914965714
YEAR_2020;PICKUP_TRUCK_DIESEL_PUBLIC;0.0022935247216064897;;inf;19.60693616761901
YEAR_2020;SUV_DIESEL_PUBLIC;0.006814635257941979;;inf;58.26084173919153
YEAR_2020;MOTORCYCLE_DIESEL_PUBLIC;0.0032846656306655567;;inf;27.981369937732676
YEAR_2020;CAR_BEV;29.311100798444052;;inf;136.43278160668746
YEAR_2020;CAR_FG_PRIVATE;0.19661021247219967;;inf;1680.9633815355548
YEAR_2020;BUS_FG_PRIVATE;2.232778349113823;;inf;19089.64237794333
YEAR_2020;PICKUP_TRUCK_FG_PRIVATE;0.013987127277191048;;inf;119.58610120092206
YEAR_2020;SUV_FG_PRIVATE;0.049915583308909404;;inf;426.76454419745994
YEAR_2020;MOTORCYCLE_FG_PRIVATE;0.04278873111204524;;inf;365.8319129881893
YEAR_2020;CAR_GASOLINE_PRIVATE;1.7341118499542485;;inf;14826.18060682958
YEAR_2020;BUS_GASOLINE_PRIVATE;19.693217195045438;;inf;168371.60467530898
YEAR_2020;PICKUP_TRUCK_GASOLINE_PRIVATE;0.12336704706887643;;inf;1054.7544097704333
YEAR_2020;SUV_GASOLINE_PRIVATE;0.4402578249673807;;inf;3764.083629731591
YEAR_2020;MOTORCYCLE_GASOLINE_PRIVATE;0.37739861793756635;;inf;3226.654653480314
YEAR_2020;CAR_DIESEL_PRIVATE;0.549256425943047;;inf;4695.9917670294335
YEAR_2020;BUS_DIESEL_PRIVATE;6.237559617109609;;inf;53329.42360757971
YEAR_2020;PICKUP_TRUCK_DIESEL_PRIVATE;0.039074838619940114;;inf;334.0791509943469
YEAR_2020;SUV_DIESEL_PRIVATE;0.13944569649511424;;inf;1192.2224515888363
YEAR_2020;MOTORCYCLE_DIESEL_PRIVATE;0.11953590021121158;;inf;1021.9991551168625
YEAR_2020;TRAIN_FREIGHT;0.2660866020558141;;inf;798.2598051776
YEAR_2020;BOAT_FREIGHT_DIESEL;0.054721266071054354;;inf;54.72126600319999
YEAR_2020;TRUCK_FG;0.11172290068479167;;inf;955.2001524672744
YEAR_2020;VAN_FG;0.0009449258558699368;;inf;8.078856850877479
YEAR_2020;TRUCK_GASOLINE;0.9854012813559796;;inf;8424.910635360975
YEAR_2020;VAN_GASOLINE;0.00833415593803476;;inf;71.2547470026484
YEAR_2020;CARGO_MOTORCYCLE_GASOLINE;5.9934217486377385e-06;;inf;0.05250237451806659
YEAR_2020;TRUCK_DIESEL_P;0.3121125102147703;;inf;2668.476342063642
YEAR_2020;VAN_DIESEL;0.0026397288798650173;;inf;22.568957779150896
YEAR_2020;CARGO_MOTORCYCLE_DIESEL;2.1100157870312736e-06;;inf;0.018483738294393957
YEAR_2020;AIR_LFO;2.2254331048395364;;inf;2225.4331020799996
YEAR_2020;COMM_MACHINERY_DIESEL;0.006687241;0.006677241;0.006687241;58.60551280654598
YEAR_2020;COMM_MACHINERY_EL;0.002100050805595316;;inf;18.39643361345402
YEAR_2020;IND_MACHINERY_EL;0.1805309755707763;;inf;1581.451346
YEAR_2020;TRACTOR_DIESEL;0.005721380251141552;;inf;50.11929099999999
YEAR_2020;AGR_MACHINERY_DIESEL;0.014675345;0.014665345;0.014675345;128.56869138390965
YEAR_2020;AGR_MACHINERY_EL;0.011462062305936074;;inf;100.39499661609035
YEAR_2020;MIN_MACHINERY_DIESEL;0.104667994;0.104657994;0.104667994;916.9022779369423
YEAR_2020;MIN_MACHINERY_EL;0.07219653339726027;;inf;632.4309820630577
YEAR_2020;FISH_MACHINERY_DIESEL;0.021809699;0.021799699;0.021809699;191.0550515527638
YEAR_2020;FISH_MACHINERY_EL;0.02951008233561644;;inf;258.5062329472362
YEAR_2020;OIL_TO_HVC;0.024645298426780184;;inf;214.59113141807055
YEAR_2020;GAS_TO_HVC;0.17744577716645607;;inf;1545.0975185819295
YEAR_2020;DAM_STORAGE;567.5890016224924;567.589;567.58901;-2.706649916318483
YEAR_2020;BEV_BATT;29.07847301432942;;inf;21.965368409127997
YEAR_2020;GASOLINE_STORAGE;1290.434797569;1290.434797569;1290.434807569;9.724525185106359e-08
YEAR_2020;DIESEL_STORAGE;1344.914794752;1344.914794752;1344.914804752;-8.382798455386364e-09
YEAR_2020;LFO_STORAGE;233.308941;233.308941;233.308951;2.849450009279053e-09
YEAR_2020;LPG_STORAGE;957.089768487;957.089768487;957.089778487;2.9086439923275975e-09
YEAR_2020;EFFICIENCY;0.142857143;;inf;
YEAR_2020;GRID;1.0;;inf;
YEAR_2020;FERMENTATION_TO_BIOETHANOL;0.02602007214513138;0.026010247;0.026020247;209.70073810057457
YEAR_2020;ESTERIFICATION_TO_BIODIESEL;0.7363912723415709;;0.811682934;5450.269884275805
YEAR_2025;CCGT;1.4924895140146055;;1.49249;11113.07567183057
YEAR_2025;PV;0.1703;0.1703;0.1703;359.5623252743143
YEAR_2025;WIND_ONSHORE;0.1728;0.1728;0.1728;509.41167492052574
YEAR_2025;HYDRO_DAM;0.3719205;0.37192;0.371921;1353.9893109531467
YEAR_2025;HYDRO_RIVER;0.36372;0.36372;0.36372;1882.7969709999995
YEAR_2025;GEOTHERMAL;0.005;0.005;0.005;40.032279244307674
YEAR_2025;OCGT;0.05244804694553877;;1.05133;390.4663964761403
YEAR_2025;GENSET_DIESEL;0.0002177424712334684;;0.113861;0.0040965454546673195
YEAR_2025;ST_BIOMASS;0.22563;0.22563;0.22563;2.0198719047865814
YEAR_2025;ST_SNG;0.001;0.001;0.001;0.014258490374096997
YEAR_2025;CONVENTIONAL_BULB;;;inf;
YEAR_2025;LED_BULB;0.013283525138667724;;inf;111.3473868146452
YEAR_2025;CONVENTIONAL_LIGHT;1.5084538269763048e-06;;inf;0.00166512224740651
YEAR_2025;LED_LIGHT;0.006812184048528905;;inf;57.112525626057604
YEAR_2025;IND_COGEN_WOOD;0.2593102564495303;;inf;1546.4696378271628
YEAR_2025;IND_BOILER_GAS;0.967866743;0.967866743;0.967866743;8006.256051121357
YEAR_2025;IND_BOILER_WOOD;0.625339833;0.625329833;0.625339833;4900.563495851749
YEAR_2025;IND_BOILER_OIL;0.001573429;0.001563429;0.001573429;0.0052844377631498666
YEAR_2025;IND_DIRECT_ELEC;1.7331413721202483e-05;;inf;0.028725366128903286
YEAR_2025;IND_BOILER_DIESEL;0.016363059161504077;;inf;0.003209900453454118
YEAR_2025;IND_BOILER_LPG;0.017767712;0.017757712;0.017767712;0.054964792694383285
YEAR_2025;DHN_BOILER_GAS;;;inf;
YEAR_2025;DHN_BOILER_OIL;;;inf;
YEAR_2025;DEC_BOILER_GAS;16.588136696649084;;inf;135.7597471067542
YEAR_2025;DEC_SOLAR;66.39089175749963;0.009034302;48700.0;522.1222923238336
YEAR_2025;DEC_DIRECT_ELEC;44.09168958186993;;inf;740.4125470634579
YEAR_2025;IND_ELEC_COLD;;;inf;
YEAR_2025;DEC_ELEC_COLD;0.018760061293580495;;inf;103.32813099999998
YEAR_2025;REFRIGERATOR_EL;0.041176985388127856;;inf;360.710392
YEAR_2025;STOVE_WOOD;0.014329069;;inf;0.006889091096391101
YEAR_2025;STOVE_LPG;0.424856056;;inf;0.0956236154094405
YEAR_2025;STOVE_NG;0.6079621571368431;;inf;5325.663910274441
YEAR_2025;STOVE_OIL;0.001978933;;inf;0.0026279214142801376
YEAR_2025;STOVE_ELEC;0.035845593;;inf;0.020574425921510216
YEAR_2025;TRAMWAY_TROLLEY;0.04248276538633324;;inf;372.1483667497779
YEAR_2025;CAR_FG_PUBLIC;1.3418645082951916e-05;;inf;0.019717459069166776
YEAR_2025;BUS_FG_PUBLIC;0.015165474849986652;;inf;129.6521079611448
YEAR_2025;PICKUP_TRUCK_FG_PUBLIC;1.2050732204274212e-05;;inf;0.0019186091754649346
YEAR_2025;SUV_FG_PUBLIC;1.1289594548683288e-05;;inf;0.006462699690026889
YEAR_2025;MOTORCYCLE_FG_PUBLIC;0.0016457887049821695;;inf;13.975754430255037
YEAR_2025;CAR_GASOLINE_PUBLIC;1.784937390530147e-05;;inf;0.0014587682373833218
YEAR_2025;BUS_GASOLINE_PUBLIC;7.159615713848854e-05;;inf;0.4376859797680019
YEAR_2025;PICKUP_TRUCK_GASOLINE_PUBLIC;1.1846139147836931e-05;;inf;0.0004179378126600178
YEAR_2025;SUV_GASOLINE_PUBLIC;1.412387453192875e-05;;inf;0.0006403576694550663
YEAR_2025;MOTORCYCLE_GASOLINE_PUBLIC;0.00044811545463282885;;inf;0.001129890550521954
YEAR_2025;CAR_DIESEL_PUBLIC;1.2976460628238232e-05;;inf;0.001117073989119735
YEAR_2025;BUS_DIESEL_PUBLIC;1.8986753595561097e-05;;inf;0.03927487551277371
YEAR_2025;PICKUP_TRUCK_DIESEL_PUBLIC;1.039714843594838e-05;;inf;0.00031490647448892596
YEAR_2025;SUV_DIESEL_PUBLIC;1.2087765861373722e-05;;inf;0.0003472714598385816
YEAR_2025;MOTORCYCLE_DIESEL_PUBLIC;0.00034767300189386376;;inf;0.001388544664110719
YEAR_2025;BUS_ELEC_PUBLIC;9.292738769107103e-07;;inf;0.005266807848419975
YEAR_2025;PICKUP_TRUCK_ELEC_PUBLIC;1.1541969366124573e-06;;inf;0.0047536581415912145
YEAR_2025;SUV_ELEC_PUBLIC;1.1541969366124573e-06;;inf;0.004753658141591209
YEAR_2025;MOTORCYCLE_ELEC_PUBLIC;8.596567245375581;;inf;75305.82329412851
YEAR_2025;CAR_BEV;179.03470736460196;;inf;143.95554371447545
YEAR_2025;CAR_FG_PRIVATE;0.19661021247219967;;inf;0.01908943688031663
YEAR_2025;BUS_FG_PRIVATE;15.852148049572751;;inf;135531.5171829128
YEAR_2025;PICKUP_TRUCK_FG_PRIVATE;0.013987127277191048;;inf;0.001888223814839707
YEAR_2025;SUV_FG_PRIVATE;0.049915583308909404;;inf;0.006671377232589087
YEAR_2025;MOTORCYCLE_FG_PRIVATE;0.04280275479965824;;inf;365.95181167023196
YEAR_2025;CAR_GASOLINE_PRIVATE;1.7341118499542485;;inf;0.002156019222829852
YEAR_2025;BUS_GASOLINE_PRIVATE;19.693217195045438;;inf;152665.64007761056
YEAR_2025;PICKUP_TRUCK_GASOLINE_PRIVATE;0.12336704706887643;;inf;0.00037952277325737515
YEAR_2025;SUV_GASOLINE_PRIVATE;0.4402578249673807;;inf;0.0006966325255943956
YEAR_2025;MOTORCYCLE_GASOLINE_PRIVATE;0.37739861793756635;;inf;0.0010265234940281137
YEAR_2025;CAR_DIESEL_PRIVATE;0.549256425943047;;inf;0.0012966907859960413
YEAR_2025;BUS_DIESEL_PRIVATE;6.237559617109609;;inf;0.07150286021551402
YEAR_2025;PICKUP_TRUCK_DIESEL_PRIVATE;0.039074838619940114;;inf;0.000306368766246335
YEAR_2025;SUV_DIESEL_PRIVATE;0.13944569649511424;;inf;0.00034188323805459954
YEAR_2025;MOTORCYCLE_DIESEL_PRIVATE;0.11953590021121158;;inf;0.0012726083531841253
YEAR_2025;BUS_ELEC_PRIVATE;3.259395195471811e-06;;inf;0.028552301912333062
YEAR_2025;PICKUP_TRUCK_ELEC_PRIVATE;9.89818168858975e-07;;inf;0.00867080715920462
YEAR_2025;SUV_ELEC_PRIVATE;9.89818168858974e-07;;inf;0.008670807159204612
YEAR_2025;MOTORCYCLE_ELEC_PRIVATE;2.2980224571741134e-05;;inf;0.2013067672484523
YEAR_2025;TRAIN_FREIGHT;0.28073008590681137;;inf;842.1902566761181
YEAR_2025;TRAIN_FREIGHT_ELEC;2.6465132870873353e-05;;inf;0.03575188358190318
YEAR_2025;BOAT_FREIGHT_DIESEL;0.05472680325859068;;inf;54.726803190729456
YEAR_2025;BOAT_FREIGHT_ELEC;0.0003434219973938975;;inf;3.008376697170542
YEAR_2025;TRUCK_ELEC;1.2188799607976936e-05;;inf;0.00988647083663732
YEAR_2025;TRUCK_FG;1.0814077513867395;;inf;9245.739617146533
YEAR_2025;VAN_FG;0.0009449258558699368;;inf;0.0020641724527414715
YEAR_2025;TRUCK_GASOLINE;0.9854012813559796;;inf;3574.024932409977
YEAR_2025;VAN_GASOLINE;0.00833415593803476;;inf;0.00016572691320548133
YEAR_2025;CARGO_MOTORCYCLE_GASOLINE;5.9934217486377385e-06;;inf;0.0008967284152413313
YEAR_2025;TRUCK_DIESEL_P;0.3121125102147703;;inf;0.0056943689512950445
YEAR_2025;VAN_DIESEL;0.0026397288798650173;;inf;0.00022893776779189936
YEAR_2025;CARGO_MOTORCYCLE_DIESEL;2.1100157870312736e-06;;inf;9.889397670507807e-05
YEAR_2025;VAN_ELEC;1.1863288742971425e-07;;inf;0.0010392240938842969
YEAR_2025;CARGO_MOTORCYCLE_ELEC;5.386768876825601e-08;;inf;0.0004718809536099226
YEAR_2025;AIR_LFO;2.3480045331715256;;inf;2348.0045302599997
YEAR_2025;COMM_MACHINERY_DIESEL;0.006687241;;inf;-0.021217493575997448
YEAR_2025;COMM_MACHINERY_EL;0.009276768572638126;;inf;81.264243493576
YEAR_2025;IND_MACHINERY_EL;0.19650256004566208;;inf;1721.3624259999997
YEAR_2025;TRACTOR_DIESEL;0.005721380251141552;;inf;-0.013185968663299102
YEAR_2025;TRACTOR_EL;0.006038341640404083;;inf;52.8929249686633
YEAR_2025;AGR_MACHINERY_DIESEL;0.014675345;;inf;
YEAR_2025;AGR_MACHINERY_EL;0.027576991894977167;;inf;241.574449
YEAR_2025;MIN_MACHINERY_DIESEL;0.104667994;;inf;-0.012629975803196247
YEAR_2025;MIN_MACHINERY_EL;0.19575792163286687;;inf;1714.830520975803
YEAR_2025;FISH_MACHINERY_DIESEL;0.021809699;;inf;-0.008813626472416125
YEAR_2025;FISH_MACHINERY_EL;0.054148813728443046;;inf;474.33083762647243
YEAR_2025;OIL_TO_HVC;0.001543901850728617;;inf;0.0034302146603983337
YEAR_2025;GAS_TO_HVC;0.07249334126267855;;inf;48.76129269091323
YEAR_2025;BIOMASS_TO_HVC;0.21193551713429068;;inf;1807.8444776107917
YEAR_2025;DAM_STORAGE;567.5890016210636;567.589;567.58901;-2.7066238389841075
YEAR_2025;BEV_BATT;177.61379698869243;;inf;23.1765160468574
YEAR_2025;H2_STORAGE;0.002782801442285416;;inf;-0.0008420096365712998
YEAR_2025;CO2_STORAGE;0.0005571004724103514;;inf;-0.0007943443075736754
YEAR_2025;GASOLINE_STORAGE;22.42834799715903;;inf;-1.1044248848790517e-10
YEAR_2025;DIESEL_STORAGE;22.46046282960805;;inf;1.2668482929356628e-10
YEAR_2025;LFO_STORAGE;23.771407936441374;;inf;1.528230875180725e-10
YEAR_2025;LPG_STORAGE;22.672434230322533;;inf;5.367539746004013e-12
YEAR_2025;EFFICIENCY;0.285714286;;inf;
YEAR_2025;GRID;1.0;;inf;
YEAR_2025;H2_ELECTROLYSIS;;;inf;
YEAR_2025;SYN_METHANATION;;;inf;
YEAR_2025;ATM_CCS;9.398825662384428e-07;;inf;0.00036947832830574816
YEAR_2025;INDUSTRY_CCS;2.5394470937436736e-06;;inf;0.00042486597926792724
YEAR_2025;FERMENTATION_TO_BIOETHANOL;0.27657357140562117;0.026010247;0.27657384;2228.961561522785
YEAR_2025;ESTERIFICATION_TO_BIODIESEL;0.811682934;0.811682934;0.811682934;67.35617160608922
YEAR_2025;BIOMASS_TO_GASOLINE;9.811818534933462e-06;;inf;0.0776499360844439
YEAR_2025;BIOMASS_TO_DIESEL;2.517852583800948e-06;;inf;0.015972857868676384
YEAR_2025;BIOMASS_TO_JET_FUEL;4.7580665627380815e-06;;inf;0.03488285818168618
YEAR_2025;POWER_TO_GASOLINE;1.5846939486928998e-06;;inf;0.008781148259726198
YEAR_2025;POWER_TO_DIESEL;1.1302549513564617e-06;;inf;0.004547799600667455
YEAR_2025;POWER_TO_JET_FUEL;1.554654098939303e-06;;inf;0.008276825421191502
YEAR_2025;H2_TO_GASOLINE;1.3370607450581887e-06;;inf;0.0005302700722682126
YEAR_2025;H2_TO_DIESEL;1.3326089931012762e-06;;inf;0.0004819146635493771
YEAR_2025;H2_TO_JET_FUEL;1.3379803328313734e-06;;inf;0.0005336453688806367
YEAR_2030;CCGT;1.4924889822996885;;1.49249;11113.070276057646
YEAR_2030;PV;1.2306805396048843;0.1703;40000.0;2598.3840776595744
YEAR_2030;WIND_ONSHORE;0.1728086119531985;0.1728;260.0;509.4234337061515
YEAR_2030;HYDRO_DAM;0.3719205;0.37192;0.371921;1353.9901853559609
YEAR_2030;HYDRO_RIVER;0.36372;0.36372;0.36372;1882.7969709999995
YEAR_2030;GEOTHERMAL;0.055;0.055;0.055;440.364530531726
YEAR_2030;OCGT;0.00010676686442036508;;1.05133;0.1395886025013656
YEAR_2030;GENSET_DIESEL;0.0002100867539858622;;0.113861;0.007351899351999366
YEAR_2030;ST_BIOMASS;0.22563082334872098;0.22563;0.847;1715.6197968074694
YEAR_2030;ST_SNG;0.001;0.001;0.001;0.03572142342830894
YEAR_2030;CONVENTIONAL_BULB;;;inf;
YEAR_2030;LED_BULB;0.014257872813020123;;inf;119.51472690362911
YEAR_2030;CONVENTIONAL_LIGHT;4.2804211083467637e-07;;inf;0.00032137742212104414
YEAR_2030;LED_LIGHT;0.0072461377755262;;inf;60.74112541629294
YEAR_2030;IND_COGEN_WOOD;2.1457867170740403;;inf;15881.662727961306
YEAR_2030;IND_BOILER_GAS;0.967866743;0.967866743;0.967866743;39.021577615757096
YEAR_2030;IND_BOILER_WOOD;0.625339833;0.625329833;0.625339833;0.2163754142076853
YEAR_2030;IND_BOILER_OIL;0.001573429;0.001563429;0.001573429;0.005919307324880229
YEAR_2030;IND_DIRECT_ELEC;1.7331413721202483e-05;;inf;0.010964403511082816
YEAR_2030;IND_BOILER_DIESEL;0.016363059161504077;;inf;0.003747782122960282
YEAR_2030;IND_BOILER_LPG;0.017767712;0.017757712;0.017767712;0.02258512071424389
YEAR_2030;DHN_BOILER_GAS;;;inf;
YEAR_2030;DHN_BOILER_OIL;;;inf;
YEAR_2030;DEC_BOILER_GAS;51.46903802885238;;inf;135.76058952562474
YEAR_2030;DEC_SOLAR;69.71706824783463;0.011087552;48700.0;1072.3583250856857
YEAR_2030;DEC_DIRECT_ELEC;44.09168958186993;;inf;278.9796688812951
YEAR_2030;IND_ELEC_COLD;;;inf;
YEAR_2030;DEC_ELEC_COLD;0.01995149107201904;;inf;109.890381
YEAR_2030;REFRIGERATOR_EL;0.04379208812785388;;inf;383.618692
YEAR_2030;STOVE_WOOD;1.5861821692752774e-06;;inf;0.013446795760154215
YEAR_2030;STOVE_LPG;2.217250180356479e-05;;inf;0.17507064162329652
YEAR_2030;STOVE_NG;0.6465671272346214;;inf;5663.790816472809
YEAR_2030;STOVE_OIL;4.361169276150829e-07;;inf;0.003651822195358242
YEAR_2030;STOVE_ELEC;2.3227151838891923e-05;;inf;0.03815059689537998
YEAR_2030;TRAMWAY_TROLLEY;0.045181148682278134;;inf;395.78473760141924
YEAR_2030;CAR_FG_PUBLIC;6.6739646884560804e-06;;inf;0.004842971631535209
YEAR_2030;BUS_FG_PUBLIC;6.067337657130784e-05;;inf;0.3626990763147433
YEAR_2030;PICKUP_TRUCK_FG_PUBLIC;6.027652574963162e-06;;inf;0.0011290361302989833
YEAR_2030;SUV_FG_PUBLIC;5.921309649051842e-06;;inf;0.002946986147716079
YEAR_2030;MOTORCYCLE_FG_PUBLIC;0.0006445764393398097;;inf;0.2584829811292793
YEAR_2030;CAR_GASOLINE_PUBLIC;8.204474259541356e-06;;inf;0.0020956563794761957
YEAR_2030;BUS_GASOLINE_PUBLIC;3.5602129287426206e-05;;inf;0.20033166854251594
YEAR_2030;PICKUP_TRUCK_GASOLINE_PUBLIC;5.875227749505406e-06;;inf;0.0008266572558452613
YEAR_2030;SUV_GASOLINE_PUBLIC;6.990776551935862e-06;;inf;0.0012150589844814948
YEAR_2030;MOTORCYCLE_GASOLINE_PUBLIC;0.0003449220905559013;;inf;0.001994772410312083
YEAR_2030;CAR_DIESEL_PUBLIC;6.5063939895229965e-06;;inf;0.001373500196614154
YEAR_2030;BUS_DIESEL_PUBLIC;1.1913481003777557e-05;;inf;0.026946822573092975
YEAR_2030;PICKUP_TRUCK_DIESEL_PUBLIC;5.451645490993849e-06;;inf;0.0004650997018532775
YEAR_2030;SUV_DIESEL_PUBLIC;6.052436630721292e-06;;inf;0.0005043040117478724
YEAR_2030;MOTORCYCLE_DIESEL_PUBLIC;0.0002564559752652792;;inf;0.0015311069760908492
YEAR_2030;BUS_ELEC_PUBLIC;1.5717516305538206e-06;;inf;0.007254010063739722
YEAR_2030;PICKUP_TRUCK_ELEC_PUBLIC;1.993188262355326e-06;;inf;0.0051854075816562565
YEAR_2030;SUV_ELEC_PUBLIC;1.9931882623553284e-06;;inf;0.005185407581656252
YEAR_2030;MOTORCYCLE_ELEC_PUBLIC;9.159941080233784;;inf;80240.9350794795
YEAR_2030;CAR_BEV;242.14605167418918;;inf;153.09651607842784
YEAR_2030;CAR_FG_PRIVATE;6.324074325883397e-07;;inf;0.005406910063444581
YEAR_2030;BUS_FG_PRIVATE;15.852148049572751;;inf;126536.22960909313
YEAR_2030;PICKUP_TRUCK_FG_PRIVATE;1.3531197179779756e-07;;inf;0.001156880239410916
YEAR_2030;SUV_FG_PRIVATE;3.634668539956232e-07;;inf;0.0031075418936082136
YEAR_2030;MOTORCYCLE_FG_PRIVATE;1.4023687613003155e-05;;inf;0.09412916001377142
YEAR_2030;CAR_GASOLINE_PRIVATE;3.2378344777342236e-07;;inf;0.002768259656559861
YEAR_2030;BUS_GASOLINE_PRIVATE;19.693217195045438;;inf;62019.22278379388
YEAR_2030;PICKUP_TRUCK_GASOLINE_PRIVATE;1.0882233183710142e-07;;inf;0.0009304010845181489
YEAR_2030;SUV_GASOLINE_PRIVATE;1.5731281768322596e-07;;inf;0.0013449814363486975
YEAR_2030;MOTORCYCLE_GASOLINE_PRIVATE;2.1504273922793885e-07;;inf;0.0018385564287937335
YEAR_2030;CAR_DIESEL_PRIVATE;1.6752050585228266e-07;;inf;0.0014322543699698044
YEAR_2030;BUS_DIESEL_PRIVATE;6.237559617109609;;inf;0.03975119803532114
YEAR_2030;PICKUP_TRUCK_DIESEL_PRIVATE;5.523015728755669e-08;;inf;0.0004722026937942465
YEAR_2030;SUV_DIESEL_PRIVATE;5.965151747211543e-08;;inf;0.0005100041104824739
YEAR_2030;MOTORCYCLE_DIESEL_PRIVATE;1.7609521734873226e-07;;inf;0.00150556580100649
YEAR_2030;BUS_ELEC_PRIVATE;3.907776528477517e-06;;inf;0.03423212238946305
YEAR_2030;PICKUP_TRUCK_ELEC_PRIVATE;9.89818168858975e-07;;inf;0.007437471047226817
YEAR_2030;SUV_ELEC_PRIVATE;9.89818168858974e-07;;inf;0.007437471047226821
YEAR_2030;MOTORCYCLE_ELEC_PRIVATE;13.50845178598769;;inf;118334.03764525216
YEAR_2030;TRAIN_FREIGHT;0.298559764098939;;inf;895.6792911861746
YEAR_2030;TRAIN_FREIGHT_ELEC;4.741105025439513e-05;;inf;0.03551810782534526
YEAR_2030;BOAT_FREIGHT_DIESEL;0.05472680325859068;;inf;0.014383950282551954
YEAR_2030;BOAT_FREIGHT_ELEC;0.007007704395858157;;inf;61.387490507717445
YEAR_2030;TRUCK_ELEC;3.918278934776357e-05;;inf;0.03178159594413614
YEAR_2030;TRUCK_FG;1.594660129292829;;inf;13633.906650271412
YEAR_2030;VAN_FG;8.421409310420015e-08;;inf;0.0007200073940075863
YEAR_2030;TRUCK_GASOLINE;0.9854012813559796;;inf;0.0092823155275654
YEAR_2030;VAN_GASOLINE;3.386126635602017e-08;;inf;0.00028950453835118096
YEAR_2030;CARGO_MOTORCYCLE_GASOLINE;9.68327260252415e-08;;inf;0.0008482546799811156
YEAR_2030;TRUCK_DIESEL_P;0.3121125102147703;;inf;0.0023768119504392407
YEAR_2030;VAN_DIESEL;3.308570656760047e-08;;inf;0.0002828737149156521
YEAR_2030;CARGO_MOTORCYCLE_DIESEL;1.5626341269523528e-08;;inf;0.00013688674952102607
YEAR_2030;VAN_ELEC;1.1863288742971425e-07;;inf;0.0009480884520532149
YEAR_2030;CARGO_MOTORCYCLE_ELEC;5.386768876825601e-08;;inf;0.00045315797743557094
YEAR_2030;AIR_LFO;2.497123588296433;;inf;2497.1235852
YEAR_2030;COMM_MACHINERY_DIESEL;0.006687241;;inf;-0.016850094735771204
YEAR_2030;COMM_MACHINERY_EL;0.00986526948818368;;inf;86.41952709473577
YEAR_2030;IND_MACHINERY_EL;0.21646704063926947;;inf;1896.2512760000002
YEAR_2030;TRACTOR_DIESEL;0.005721380251141552;;inf;0.019350918399557958
YEAR_2030;TRACTOR_EL;0.00641811954640268;;inf;56.218720081600445
YEAR_2030;AGR_MACHINERY_DIESEL;0.014675345;;inf;-0.005859439866887112
YEAR_2030;AGR_MACHINERY_EL;0.029330402696635838;;inf;256.92242243986686
YEAR_2030;MIN_MACHINERY_DIESEL;0.104667994;;inf;-0.01184045731177008
YEAR_2030;MIN_MACHINERY_EL;0.21937118831060032;;inf;1921.6855214573116
YEAR_2030;FISH_MACHINERY_DIESEL;0.021809699;;inf;8.060219158778636e-14
YEAR_2030;FISH_MACHINERY_EL;0.05758512180365297;;inf;504.4456669999999
YEAR_2030;OIL_TO_HVC;0.001489491928052587;;inf;0.004196806942715964
YEAR_2030;GAS_TO_HVC;0.00018545108764870275;;inf;0.01607325137087489
YEAR_2030;BIOMASS_TO_HVC;0.22676009946185166;;inf;1974.499960458106
YEAR_2030;DAM_STORAGE;567.589001620677;567.589;567.58901;-2.706625586527011
YEAR_2030;BEV_BATT;240.22425761328293;;inf;24.648191865728418
YEAR_2030;H2_STORAGE;0.004000112451710633;;inf;-0.0008368906162805344
YEAR_2030;CO2_STORAGE;0.0008939509457410744;;inf;-0.0007943443075736756
YEAR_2030;GASOLINE_STORAGE;22.243377237824028;;inf;1.2349554712187683e-10
YEAR_2030;DIESEL_STORAGE;22.273594745717112;;inf;7.610745367259142e-12
YEAR_2030;LFO_STORAGE;23.637842588518268;;inf;8.223954850450355e-11
YEAR_2030;LPG_STORAGE;22.506819080472845;;inf;5.625166998868281e-12
YEAR_2030;EFFICIENCY;0.428571429;;inf;
YEAR_2030;GRID;1.4816440683955299;;inf;
YEAR_2030;H2_ELECTROLYSIS;;;inf;
YEAR_2030;SYN_METHANATION;;;inf;
YEAR_2030;ATM_CCS;1.7763552828398504e-06;;inf;0.00034555723452709113
YEAR_2030;INDUSTRY_CCS;4.348384324989877e-06;;inf;0.0004487870730465845
YEAR_2030;FERMENTATION_TO_BIOETHANOL;0.27657354351034175;0.026010247;0.27657384;2228.960935127695
YEAR_2030;ESTERIFICATION_TO_BIODIESEL;0.811682934;0.811682934;0.811682934;65.46457946168566
YEAR_2030;BIOMASS_TO_GASOLINE;1.0178600165468043e-05;;inf;0.07879594238038301
YEAR_2030;BIOMASS_TO_DIESEL;4.047766605038409e-06;;inf;0.027044165846068703
YEAR_2030;BIOMASS_TO_JET_FUEL;7.951040953033083e-06;;inf;0.060644572939921766
YEAR_2030;POWER_TO_GASOLINE;2.1750129303655303e-06;;inf;0.0070866848222701975
YEAR_2030;POWER_TO_DIESEL;1.871703294326422e-06;;inf;0.005270304643347778
YEAR_2030;POWER_TO_JET_FUEL;2.309305298608122e-06;;inf;0.008976912242364594
YEAR_2030;H2_TO_GASOLINE;2.621413066205553e-06;;inf;0.0005176467360227286
YEAR_2030;H2_TO_DIESEL;2.617801429886697e-06;;inf;0.0004925650774068858
YEAR_2030;H2_TO_JET_FUEL;2.6225751296228034e-06;;inf;0.0005383759383573183
YEAR_2035;CCGT;1.4924880430212768;;inf;11113.051626401375
YEAR_2035;PV;4.647916309469868;0.1703;40000.0;9813.345482718769
YEAR_2035;WIND_ONSHORE;0.1728157031450469;0.1728;260.0;509.4335756269003
YEAR_2035;HYDRO_DAM;0.3719205;0.37192;0.371921;1353.978143316908
YEAR_2035;HYDRO_RIVER;0.36372;0.36372;0.36372;1882.7969709999995
YEAR_2035;GEOTHERMAL;0.8849945755977443;0.055;0.885;7085.830947572566
YEAR_2035;OCGT;0.00010098652468393048;;inf;0.04981474231147591
YEAR_2035;GENSET_DIESEL;0.00020594381999890614;;inf;0.00926661324982564
YEAR_2035;ST_BIOMASS;0.2256309862994394;0.22563;0.847;1715.508023235989
YEAR_2035;ST_SNG;0.0010019730055283087;0.001;0.321;0.036846549201594164
YEAR_2035;CONVENTIONAL_BULB;;;inf;
YEAR_2035;LED_BULB;0.01520347234704733;;inf;127.44108952107777
YEAR_2035;CONVENTIONAL_LIGHT;9.517012560540917e-07;;inf;0.0016983759078654515
YEAR_2035;LED_LIGHT;0.007658411959340735;;inf;64.20033682872015
YEAR_2035;IND_COGEN_WOOD;2.1457867170740403;;inf;6898.168649640362
YEAR_2035;IND_BOILER_GAS;0.967866743;0.967866743;0.967866743;5587.121885434018
YEAR_2035;IND_BOILER_WOOD;0.625339833;0.625329833;0.625339833;4900.318616638193
YEAR_2035;IND_BOILER_OIL;0.001573429;0.001563429;0.001573429;0.008429215912300187
YEAR_2035;IND_DIRECT_ELEC;1.7331413721202483e-05;;inf;0.02891726533684241
YEAR_2035;IND_BOILER_DIESEL;0.016363059161504077;;inf;0.0057193731712761285
YEAR_2035;IND_BOILER_LPG;0.017767712;0.017757712;0.017767712;0.03701215049011692
YEAR_2035;DHN_BOILER_GAS;;;inf;
YEAR_2035;DHN_BOILER_OIL;;;inf;
YEAR_2035;DEC_BOILER_GAS;46.70283653885238;;inf;0.04661385735012022
YEAR_2035;DEC_SOLAR;67.08847425220061;0.013140802;48700.0;1571.7543907451986
YEAR_2035;DEC_DIRECT_ELEC;0.0008214509037014996;;inf;0.021135888714426416
YEAR_2035;IND_ELEC_COLD;;;inf;
YEAR_2035;DEC_ELEC_COLD;0.021088175993398947;;inf;116.151103
YEAR_2035;REFRIGERATOR_EL;0.04628702990867579;;inf;405.474382
YEAR_2035;STOVE_WOOD;1.931243298235238e-06;;inf;0.015285778165876979
YEAR_2035;STOVE_LPG;2.893565108749819e-05;;inf;0.24676832240469326
YEAR_2035;STOVE_NG;0.6833572401885104;;inf;5986.200492086486
YEAR_2035;STOVE_OIL;6.929277303610129e-07;;inf;0.0055118050878635045
YEAR_2035;STOVE_ELEC;0.00014809152923091985;;inf;0.24324033676178586
YEAR_2035;TRAMWAY_TROLLEY;0.047755782287670336;;inf;418.3365486135117
YEAR_2035;CAR_FG_PUBLIC;7.423833173380395e-06;;inf;0.005577799843058976
YEAR_2035;BUS_FG_PUBLIC;2.1047177063614717e-05;;inf;0.05989498717621961
YEAR_2035;PICKUP_TRUCK_FG_PUBLIC;6.959949680134601e-06;;inf;0.0013620775933881329
YEAR_2035;SUV_FG_PUBLIC;6.929532456856052e-06;;inf;0.003304131171759001
YEAR_2035;MOTORCYCLE_FG_PUBLIC;0.00046685244632839343;;inf;0.059376676138762255
YEAR_2035;CAR_GASOLINE_PUBLIC;8.222111988110395e-06;;inf;0.0037495314776897523
YEAR_2035;BUS_GASOLINE_PUBLIC;2.2632075611015092e-05;;inf;0.13823340997568417
YEAR_2035;PICKUP_TRUCK_GASOLINE_PUBLIC;6.721953609517476e-06;;inf;0.0013519615224195747
YEAR_2035;SUV_GASOLINE_PUBLIC;7.553184284933457e-06;;inf;0.0020759295898783803
YEAR_2035;MOTORCYCLE_GASOLINE_PUBLIC;0.00032891965715074886;;inf;0.0035886114147087055
YEAR_2035;CAR_DIESEL_PUBLIC;7.3658872327988015e-06;;inf;0.0018959175090786796
YEAR_2035;BUS_DIESEL_PUBLIC;7.68153720429225e-06;;inf;0.018560938671195813
YEAR_2035;PICKUP_TRUCK_DIESEL_PUBLIC;6.558099890069385e-06;;inf;0.0005874094242432226
YEAR_2035;SUV_DIESEL_PUBLIC;6.887302239092555e-06;;inf;0.0006481782590687323
YEAR_2035;MOTORCYCLE_DIESEL_PUBLIC;0.000252072743084568;;inf;0.0021919794349736757
YEAR_2035;BUS_ELEC_PUBLIC;1.929561346152299e-06;;inf;0.009760889619504798
YEAR_2035;PICKUP_TRUCK_ELEC_PUBLIC;3.6650562184178986e-06;;inf;0.009917296751278669
YEAR_2035;SUV_ELEC_PUBLIC;3.665056218417895e-06;;inf;0.009917296751278672
YEAR_2035;MOTORCYCLE_ELEC_PUBLIC;9.681890454380374;;inf;84813.11572627387
YEAR_2035;CAR_BEV;210.7687754546613;;inf;161.824498344832
YEAR_2035;CAR_FG_PRIVATE;7.82039580449328e-07;;inf;0.0066862238798131
YEAR_2035;BUS_FG_PRIVATE;13.619369700458929;;inf;0.48785766484025045
YEAR_2035;PICKUP_TRUCK_FG_PRIVATE;1.6465208466664582e-07;;inf;0.0014077301557123272
YEAR_2035;SUV_FG_PRIVATE;4.2330698535844403e-07;;inf;0.003619158601114708
YEAR_2035;MOTORCYCLE_FG_PRIVATE;5.6245085559785805e-06;;inf;0.048088005210158026
YEAR_2035;CAR_GASOLINE_PRIVATE;5.959987562627897e-07;;inf;0.005095625868672228
YEAR_2035;BUS_GASOLINE_PRIVATE;7.253914876977708;;inf;62018.982267768326
YEAR_2035;PICKUP_TRUCK_GASOLINE_PRIVATE;1.771247837930855e-07;;inf;0.0015143683116698675
YEAR_2035;SUV_GASOLINE_PRIVATE;2.727159799449038e-07;;inf;0.002331646815710494
YEAR_2035;MOTORCYCLE_GASOLINE_PRIVATE;3.978655591835309e-07;;inf;0.003401641386539111
YEAR_2035;CAR_DIESEL_PRIVATE;2.3411759302120884e-07;;inf;0.002001641196016419
YEAR_2035;BUS_DIESEL_PRIVATE;4.1264128826245055e-06;;inf;0.035279698168116026
YEAR_2035;PICKUP_TRUCK_DIESEL_PRIVATE;6.898308138897346e-08;;inf;0.0005897864220900909
YEAR_2035;SUV_DIESEL_PRIVATE;7.562754216070342e-08;;inf;0.0006465947389465045
YEAR_2035;MOTORCYCLE_DIESEL_PRIVATE;2.4992454666411394e-07;;inf;0.00213678631342028
YEAR_2035;BUS_ELEC_PRIVATE;7.977202225978176e-06;;inf;0.06988029149956883
YEAR_2035;PICKUP_TRUCK_ELEC_PRIVATE;1.5793809672804176e-06;;inf;0.01383537727337646
YEAR_2035;SUV_ELEC_PRIVATE;1.5793809672804176e-06;;inf;0.01383537727337646
YEAR_2035;MOTORCYCLE_ELEC_PRIVATE;29.949109692052605;;inf;262354.2009023808
YEAR_2035;TRAIN_FREIGHT;0.31554157035177904;;inf;946.6247098815224
YEAR_2035;TRAIN_FREIGHT_ELEC;7.973293917189852e-05;;inf;0.12115090917741933
YEAR_2035;BOAT_FREIGHT_DIESEL;0.05472680325859068;;inf;0.016937653341322773
YEAR_2035;BOAT_FREIGHT_ELEC;0.007406752391730442;;inf;64.88315095155868
YEAR_2035;TRUCK_ELEC;0.00018989544190056414;;inf;0.15402630355261776
YEAR_2035;TRUCK_FG;1.6854966225874555;;inf;14410.533749217037
YEAR_2035;VAN_FG;1.1517558341330366e-07;;inf;0.0009847196426387708
YEAR_2035;TRUCK_GASOLINE;1.885505746663246e-06;;inf;0.016120556892556776
YEAR_2035;VAN_GASOLINE;6.329342513293975e-08;;inf;0.0005411414219161061
YEAR_2035;CARGO_MOTORCYCLE_GASOLINE;1.8267230110423213e-07;;inf;0.0016002093576730735
YEAR_2035;TRUCK_DIESEL_P;3.3608574716671797e-07;;inf;0.00287344094154393
YEAR_2035;VAN_DIESEL;5.005807199594285e-08;;inf;0.000427982783383383
YEAR_2035;CARGO_MOTORCYCLE_DIESEL;2.2699012727752293e-08;;inf;0.00019884335149511007
YEAR_2035;VAN_ELEC;2.1357733964142369e-07;;inf;0.0018709374952588717
YEAR_2035;CARGO_MOTORCYCLE_ELEC;1.0125282339534461e-07;;inf;0.0008869747329432188
YEAR_2035;AIR_LFO;2.639390793332844;;inf;2639.3907900599997
YEAR_2035;COMM_MACHINERY_DIESEL;0.006687241;;inf;-0.016818533981526163
YEAR_2035;COMM_MACHINERY_EL;0.010427197941150011;;inf;91.34206553398153
YEAR_2035;IND_MACHINERY_EL;0.23643152123287675;;inf;2071.140126
YEAR_2035;TRACTOR_DIESEL;2.7875428713648037e-07;;inf;0.0005659207256245719
YEAR_2035;TRACTOR_EL;0.006785623688187751;;inf;59.44152407927438
YEAR_2035;AGR_MACHINERY_DIESEL;0.014675345;;inf;-0.011471804128196372
YEAR_2035;AGR_MACHINERY_EL;0.03100126182093993;;inf;271.56519680412816
YEAR_2035;MIN_MACHINERY_DIESEL;0.104667994;;inf;
YEAR_2035;MIN_MACHINERY_EL;0.2429828163242009;;inf;2128.529471
YEAR_2035;FISH_MACHINERY_DIESEL;0.021809699;;inf;-0.0056612122026925005
YEAR_2035;FISH_MACHINERY_EL;0.06086786045503595;;inf;533.1908252122026
YEAR_2035;OIL_TO_HVC;0.0013740496520251032;;inf;0.006473091596609772
YEAR_2035;GAS_TO_HVC;0.0001819682322893652;;inf;0.02900943107222965
YEAR_2035;BIOMASS_TO_HVC;0.23967755172515331;;inf;2086.977900993669
YEAR_2035;DAM_STORAGE;567.5890016206746;567.589;567.58901;-2.706601514383294
YEAR_2035;BEV_BATT;209.0960073954973;;inf;26.053377215555706
YEAR_2035;H2_STORAGE;0.005182592956914861;;inf;-0.0008209550012805781
YEAR_2035;CO2_STORAGE;0.0014028887007638553;;inf;-0.0007943443075736779
YEAR_2035;GASOLINE_STORAGE;22.165643238796967;;inf;1.3038237156592913e-11
YEAR_2035;DIESEL_STORAGE;22.19515438196104;;inf;-1.1748435557734638e-11
YEAR_2035;LFO_STORAGE;23.603802145220367;;inf;-2.242506180749615e-11
YEAR_2035;LPG_STORAGE;22.440671248637493;;inf;6.3332672439742055e-12
YEAR_2035;EFFICIENCY;0.571428571;;inf;
YEAR_2035;GRID;3.0338051329222635;;inf;
YEAR_2035;H2_ELECTROLYSIS;;;inf;
YEAR_2035;SYN_METHANATION;;;inf;
YEAR_2035;ATM_CCS;3.045457232299426e-06;;inf;0.0003395672618002486
YEAR_2035;INDUSTRY_CCS;7.088279843601087e-06;;inf;0.0004547770457734293
YEAR_2035;FERMENTATION_TO_BIOETHANOL;0.27657293434643937;0.026010247;0.27657384;2228.9554712386016
YEAR_2035;ESTERIFICATION_TO_BIODIESEL;0.811682934;0.811682934;0.811682934;69.12212904792024
YEAR_2035;BIOMASS_TO_GASOLINE;1.0607676044323268e-05;;inf;0.07180597768127829
YEAR_2035;BIOMASS_TO_DIESEL;6.707841907382567e-06;;inf;0.04356408086525227
YEAR_2035;BIOMASS_TO_JET_FUEL;1.6004664790918615e-05;;inf;0.12324985722239268
YEAR_2035;POWER_TO_GASOLINE;3.832054486162871e-06;;inf;0.012801872853894237
YEAR_2035;POWER_TO_DIESEL;3.539107834358323e-06;;inf;0.010485897943895022
YEAR_2035;POWER_TO_JET_FUEL;4.77447595301353e-06;;inf;0.02164940479160244
YEAR_2035;H2_TO_GASOLINE;4.6066797913791425e-06;;inf;0.000510612125348969
YEAR_2035;H2_TO_DIESEL;4.605706362150757e-06;;inf;0.0005061430606951552
YEAR_2035;H2_TO_JET_FUEL;4.609701366310831e-06;;inf;0.0005404171776050934
YEAR_2040;CCGT;1.4924786205797984;;inf;11112.946349520447
YEAR_2040;PV;8.89977501664963;0.1703;40000.0;18790.477442757667
YEAR_2040;WIND_ONSHORE;0.17284273286609633;0.1728;260.0;509.49029264026143
YEAR_2040;HYDRO_DAM;0.5665505;0.56655;0.566551;2062.525324402367
YEAR_2040;HYDRO_RIVER;0.65423;0.65423;0.65423;3386.6222982990475
YEAR_2040;GEOTHERMAL;0.8849957428931154;0.055;0.885;7085.836048332409
YEAR_2040;OCGT;9.779438070035855e-05;;inf;0.05895130139415842
YEAR_2040;GENSET_DIESEL;0.00019068967297413298;;inf;0.019654800044332853
YEAR_2040;ST_BIOMASS;0.22563125362030684;0.22563;0.847;749.9290878348705
YEAR_2040;ST_SNG;0.001005875232805534;0.001;0.321;0.044434863554763206
YEAR_2040;CONVENTIONAL_BULB;;;inf;
YEAR_2040;LED_BULB;0.016112389722621266;;inf;135.05996881283886
YEAR_2040;CONVENTIONAL_LIGHT;1.4990349369468353e-06;;inf;0.0031145282493078505
YEAR_2040;LED_LIGHT;0.008045495764351042;;inf;67.44684355366823
YEAR_2040;IND_COGEN_WOOD;2.1457867170740403;;inf;663.5502913394731
YEAR_2040;IND_BOILER_WOOD;2.320674594468757;;inf;18186.421311774928
YEAR_2040;IND_BOILER_OIL;0.001573429;;inf;0.01057643893110646
YEAR_2040;IND_DIRECT_ELEC;1.100052840048696e-05;;inf;0.06389161295692292
YEAR_2040;IND_BOILER_DIESEL;0.016363059161504077;;inf;0.01165648517492236
YEAR_2040;IND_BOILER_LPG;0.017767712;;inf;0.04113330949645117
YEAR_2040;DHN_BOILER_GAS;;;inf;
YEAR_2040;DHN_BOILER_OIL;;;inf;
YEAR_2040;DEC_BOILER_GAS;34.880901332203294;;inf;0.0700975468481946
YEAR_2040;DEC_SOLAR;167.9046;0.015194053;48700.0;1651.2330734037541
YEAR_2040;DEC_DIRECT_ELEC;0.001610210328192026;;inf;0.03598953938604734
YEAR_2040;IND_ELEC_COLD;;;inf;
YEAR_2040;DEC_ELEC_COLD;0.022155008061811317;;inf;122.027084
YEAR_2040;REFRIGERATOR_EL;0.04862864942922374;;inf;425.986969
YEAR_2040;STOVE_WOOD;2.7674628164119633e-06;;inf;0.02161991023053078
YEAR_2040;STOVE_LPG;0.0004675798324346148;;inf;1.5052020474042493
YEAR_2040;STOVE_NG;0.6554575981287276;;inf;3591.257801438979
YEAR_2040;STOVE_OIL;8.095904667558162e-07;;inf;0.006623309824363233
YEAR_2040;STOVE_ELEC;1.6418751047928046;;inf;2696.779859622182
YEAR_2040;TRAMWAY_TROLLEY;0.050172750878888873;;inf;439.5046707426018
YEAR_2040;CAR_FG_PUBLIC;9.912825601032868e-06;;inf;0.007816225537831307
YEAR_2040;BUS_FG_PUBLIC;1.4571890568154501e-05;;inf;0.044723174861032056
YEAR_2040;PICKUP_TRUCK_FG_PUBLIC;9.496737846765567e-06;;inf;0.0017097763620188718
YEAR_2040;SUV_FG_PUBLIC;9.56182007356998e-06;;inf;0.004542079527344271
YEAR_2040;MOTORCYCLE_FG_PUBLIC;0.0003861264176099279;;inf;0.11032145263108162
YEAR_2040;CAR_GASOLINE_PUBLIC;1.0451980866363499e-05;;inf;0.0052933709867950055
YEAR_2040;BUS_GASOLINE_PUBLIC;1.7859773201083166e-05;;inf;0.08107039758816803
YEAR_2040;PICKUP_TRUCK_GASOLINE_PUBLIC;9.237937664315897e-06;;inf;0.0021028926547524236
YEAR_2040;SUV_GASOLINE_PUBLIC;1.0147624459900445e-05;;inf;0.003213908414629445
YEAR_2040;MOTORCYCLE_GASOLINE_PUBLIC;0.0002959492459945315;;inf;0.004802861966065492
YEAR_2040;CAR_DIESEL_PUBLIC;9.947571923420149e-06;;inf;0.003591002594233784
YEAR_2040;BUS_DIESEL_PUBLIC;8.682951219070044e-06;;inf;0.02406313889996221
YEAR_2040;PICKUP_TRUCK_DIESEL_PUBLIC;9.211670354427625e-06;;inf;0.0011532113669728687
YEAR_2040;SUV_DIESEL_PUBLIC;9.359782177770032e-06;;inf;0.0012702566548842842
YEAR_2040;MOTORCYCLE_DIESEL_PUBLIC;0.00023138398975564297;;inf;0.004229770006201209
YEAR_2040;BUS_ELEC_PUBLIC;2.8936592752200974e-06;;inf;0.014470730216938848
YEAR_2040;PICKUP_TRUCK_ELEC_PUBLIC;5.9760821165280465e-06;;inf;0.01663271079910761
YEAR_2040;SUV_ELEC_PUBLIC;5.976082116528048e-06;;inf;0.016632710799107626
YEAR_2040;MOTORCYCLE_ELEC_PUBLIC;10.1716693339678;;inf;89103.63653995126
YEAR_2040;CAR_BEV;159.73391386456404;;inf;170.01971378106762
YEAR_2040;CAR_FG_PRIVATE;1.0646901187434568e-06;;inf;0.009102808444111484
YEAR_2040;BUS_FG_PRIVATE;1.553152580450744e-05;;inf;0.13279028494231024
YEAR_2040;PICKUP_TRUCK_FG_PRIVATE;2.0608461716043944e-07;;inf;0.0017619669425536875
YEAR_2040;SUV_FG_PRIVATE;5.70670752651607e-07;;inf;0.004879078385901878
YEAR_2040;MOTORCYCLE_FG_PRIVATE;7.895737278466123e-06;;inf;0.06750638773254697
YEAR_2040;CAR_GASOLINE_PRIVATE;6.764852463750402e-07;;inf;0.005783763279673435
YEAR_2040;BUS_GASOLINE_PRIVATE;7.254111577411995;;inf;62020.664002521626
YEAR_2040;PICKUP_TRUCK_GASOLINE_PRIVATE;2.864521834616489e-07;;inf;0.00244908758759427
YEAR_2040;SUV_GASOLINE_PRIVATE;4.2451529893060517e-07;;inf;0.003629489350686032
YEAR_2040;MOTORCYCLE_GASOLINE_PRIVATE;5.395087233365143e-07;;inf;0.004612651583782355
YEAR_2040;CAR_DIESEL_PRIVATE;4.3099280579850996e-07;;inf;0.0036848702574643756
YEAR_2040;BUS_DIESEL_PRIVATE;8.390004019457748e-06;;inf;0.07173223277828854
YEAR_2040;PICKUP_TRUCK_DIESEL_PRIVATE;1.3293921545290628e-07;;inf;0.0011365938235685426
YEAR_2040;SUV_DIESEL_PRIVATE;1.453954769826193e-07;;inf;0.0012430914425833148
YEAR_2040;MOTORCYCLE_DIESEL_PRIVATE;4.5962160094968065e-07;;inf;0.003929638602411896
YEAR_2040;BUS_ELEC_PRIVATE;1.4352528495605252e-05;;inf;0.12572814962150203
YEAR_2040;PICKUP_TRUCK_ELEC_PRIVATE;2.6170791367537225e-06;;inf;0.02292561323796261
YEAR_2040;SUV_ELEC_PRIVATE;2.6170791367537225e-06;;inf;0.02292561323796261
YEAR_2040;MOTORCYCLE_ELEC_PRIVATE;31.822215023482954;;inf;278762.60360571067
YEAR_2040;TRAIN_FREIGHT;0.3314930784587502;;inf;994.4792341430964
YEAR_2040;TRAIN_FREIGHT_ELEC;0.0001380183372993193;;inf;0.1616557095036597
YEAR_2040;BOAT_FREIGHT_DIESEL;0.05472680325859068;;inf;0.03169095096174548
YEAR_2040;BOAT_FREIGHT_ELEC;0.007779867040780622;;inf;68.15163527723824
YEAR_2040;TRUCK_ELEC;11.51262302958478;;inf;9338.01649841715
YEAR_2040;TRUCK_FG;0.7158117718855076;;inf;5801.6627262087395
YEAR_2040;VAN_FG;1.661192003724371e-07;;inf;0.0014202735925302875
YEAR_2040;TRUCK_GASOLINE;5.115084446759179e-06;;inf;0.04373256882411441
YEAR_2040;VAN_GASOLINE;8.679332071930999e-08;;inf;0.0007420590825700914
YEAR_2040;CARGO_MOTORCYCLE_GASOLINE;2.418161069569118e-07;;inf;0.0021183090969425474
YEAR_2040;TRUCK_DIESEL_P;6.852425312655862e-07;;inf;0.0058586356631451925
YEAR_2040;VAN_DIESEL;9.341535476335469e-08;;inf;0.0007986756570570087
YEAR_2040;CARGO_MOTORCYCLE_DIESEL;4.2768494343698344e-08;;inf;0.0003746520104507975
YEAR_2040;VAN_ELEC;3.2840532467372005e-07;;inf;0.0028768306441417876
YEAR_2040;CARGO_MOTORCYCLE_ELEC;1.4511606374156308e-07;;inf;0.0012712167183760925
YEAR_2040;AIR_LFO;2.7729152205184144;;inf;2772.91521708
YEAR_2040;COMM_MACHINERY_DIESEL;0.006687241;;inf;-0.007812338741914254
YEAR_2040;COMM_MACHINERY_EL;0.01095386098470394;;inf;95.95312233874192
YEAR_2040;IND_MACHINERY_EL;0.25639600182648403;;inf;2246.028976
YEAR_2040;TRACTOR_DIESEL;9.683496355325678e-06;;inf;0.047125658552463555
YEAR_2040;TRACTOR_EL;0.00712754227277771;;inf;62.40208734144754
YEAR_2040;AGR_MACHINERY_DIESEL;0.014675345;;inf;-0.0024474853132692154
YEAR_2040;AGR_MACHINERY_EL;0.03256864582004032;;inf;285.29383348531326
YEAR_2040;MIN_MACHINERY_DIESEL;0.104667994;;inf;-0.0029670263291419197
YEAR_2040;MIN_MACHINERY_EL;0.2665976281874346;;inf;2335.388228026329
YEAR_2040;FISH_MACHINERY_DIESEL;0.021809699;;inf;-0.0021800480312172965
YEAR_2040;FISH_MACHINERY_EL;0.06394618221589199;;inf;560.1607060480313
YEAR_2040;OIL_TO_HVC;0.0013338491006630675;;inf;0.007787744494527313
YEAR_2040;GAS_TO_HVC;0.00018088402296636064;;inf;0.05885906695784125
YEAR_2040;BIOMASS_TO_HVC;0.251799245553807;;inf;2192.5268227050415
YEAR_2040;DAM_STORAGE;567.5890016212903;567.589;567.58901;-4.122987329380635
YEAR_2040;BEV_BATT;158.46618438944847;;inf;27.372788314041028
YEAR_2040;H2_STORAGE;0.007210927728679131;;inf;-0.0009191105336072074
YEAR_2040;CO2_STORAGE;0.002254564340364034;;inf;-0.0007943443075736765
YEAR_2040;GASOLINE_STORAGE;21.49551809272097;;inf;1.9651946736587433e-11
YEAR_2040;DIESEL_STORAGE;21.521491302427627;;inf;6.809552921538398e-12
YEAR_2040;LFO_STORAGE;23.206763447107345;;inf;-7.775446952962284e-13
YEAR_2040;LPG_STORAGE;21.827382396559514;;inf;1.833533325168446e-13
YEAR_2040;EFFICIENCY;0.714285714;;inf;
YEAR_2040;GRID;4.965073046843069;;inf;
YEAR_2040;H2_ELECTROLYSIS;;;inf;
YEAR_2040;SYN_METHANATION;;;inf;
YEAR_2040;ATM_CCS;5.242747847182265e-06;;inf;0.00038883422012040336
YEAR_2040;INDUSTRY_CCS;1.1842533951927589e-05;;inf;0.0004055100874532731
YEAR_2040;FERMENTATION_TO_BIOETHANOL;0.2765710539653974;0.026010247;0.27657384;2228.9380917453036
YEAR_2040;ESTERIFICATION_TO_BIODIESEL;0.811682934;0.811682934;0.811682934;0.16358172814978467
YEAR_2040;BIOMASS_TO_GASOLINE;1.528603035183201e-05;;inf;0.10737116577775552
YEAR_2040;BIOMASS_TO_DIESEL;2.7410117268216e-05;;inf;0.21026904346700273
YEAR_2040;BIOMASS_TO_JET_FUEL;0.016313941394018587;;inf;130.04698276736286
YEAR_2040;POWER_TO_GASOLINE;8.393357738823207e-06;;inf;0.030106336664721782
YEAR_2040;POWER_TO_DIESEL;7.496423497830397e-06;;inf;0.021233159992295903
YEAR_2040;POWER_TO_JET_FUEL;1.696064362734929e-05;;inf;0.10138067081401739
YEAR_2040;H2_TO_GASOLINE;8.788621114910362e-06;;inf;0.0005007372827305132
YEAR_2040;H2_TO_DIESEL;8.792426133826867e-06;;inf;0.0004980603457166998
YEAR_2040;H2_TO_JET_FUEL;8.795746037484952e-06;;inf;0.0005209519264131341
YEAR_2045;CCGT;0.6879830279541712;;inf;5120.808643560764
YEAR_2045;PV;8.899851121963849;0.1703;40000.0;18790.302215426796
YEAR_2045;WIND_ONSHORE;0.17286432908728722;0.1728;260.0;509.034407877739
YEAR_2045;HYDRO_DAM;6.354540834622341;0.56655;10.45001;23133.745310729006
YEAR_2045;HYDRO_RIVER;0.96222279010868;0.65423;0.96223;4980.959782199957
YEAR_2045;GEOTHERMAL;0.8849964687164749;0.055;0.885;7085.713436823742
YEAR_2045;OCGT;9.529266179545387e-05;;inf;0.1558709824777919
YEAR_2045;GENSET_DIESEL;0.00019508302216268635;;inf;0.015800068302069474
YEAR_2045;ST_BIOMASS;0.22563209785498495;0.22563;0.847;0.2950957330961851
YEAR_2045;ST_SNG;0.001015729019530104;0.001;0.321;0.0511446469817691
YEAR_2045;CONVENTIONAL_BULB;;;inf;
YEAR_2045;LED_BULB;0.016979031544049016;;inf;142.32447888173334
YEAR_2045;CONVENTIONAL_LIGHT;2.2097502131967464e-06;;inf;0.006286613829929878
YEAR_2045;LED_LIGHT;0.00840299356230813;;inf;70.44650288286388
YEAR_2045;IND_COGEN_WOOD;2.1457867170740403;;inf;0.861106208224882
YEAR_2045;IND_BOILER_WOOD;2.320674594468757;;inf;13143.839006978771
YEAR_2045;IND_BOILER_OIL;0.001573429;;inf;0.018530391611841945
YEAR_2045;IND_DIRECT_ELEC;2.3189088812102576;;inf;7169.177612037458
YEAR_2045;IND_BOILER_DIESEL;1.3880219555852434e-06;;inf;0.01080293371968918
YEAR_2045;IND_BOILER_LPG;0.017767712;;inf;0.08185188040492686
YEAR_2045;DHN_BOILER_GAS;;;inf;
YEAR_2045;DHN_BOILER_OIL;;;inf;
YEAR_2045;DEC_BOILER_GAS;0.08942538990670013;;inf;0.5292023978757572
YEAR_2045;DEC_SOLAR;167.9046;0.017247303;48700.0;1724.0399612966205
YEAR_2045;DEC_DIRECT_ELEC;0.048231484000813535;;inf;0.2865517943134883
YEAR_2045;IND_ELEC_COLD;;;inf;
YEAR_2045;DEC_ELEC_COLD;0.023141335443864982;;inf;127.459655
YEAR_2045;REFRIGERATOR_EL;0.05079356712328767;;inf;444.951648
YEAR_2045;STOVE_WOOD;3.7760572096904613e-06;;inf;0.027735442201426718
YEAR_2045;STOVE_LPG;0.7497241275477294;;inf;2823.5347825408694
YEAR_2045;STOVE_NG;0.5869236271702515;;inf;768.1919818666954
YEAR_2045;STOVE_OIL;1.3815418875585145e-06;;inf;0.010831050503836011
YEAR_2045;STOVE_ELEC;1.812974953685456;;inf;2977.8113614283616
YEAR_2045;TRAMWAY_TROLLEY;0.052408463006101365;;inf;459.0805551837372
YEAR_2045;CAR_FG_PUBLIC;9.491744693750565e-06;;inf;0.014728706736917594
YEAR_2045;BUS_FG_PUBLIC;1.7001564399381935e-05;;inf;0.05806180708149946
YEAR_2045;PICKUP_TRUCK_FG_PUBLIC;8.931951307833833e-06;;inf;0.003765820934087248
YEAR_2045;SUV_FG_PUBLIC;9.136789277621825e-06;;inf;0.009194370404115712
YEAR_2045;MOTORCYCLE_FG_PUBLIC;0.0003412156331666461;;inf;0.3208238961425816
YEAR_2045;CAR_GASOLINE_PUBLIC;9.783424780047624e-06;;inf;0.009787841392257185
YEAR_2045;BUS_GASOLINE_PUBLIC;1.9338135395918632e-05;;inf;0.08531235884165879
YEAR_2045;PICKUP_TRUCK_GASOLINE_PUBLIC;8.793462487450233e-06;;inf;0.004353157233398193
YEAR_2045;SUV_GASOLINE_PUBLIC;9.52629454158441e-06;;inf;0.0063970785006915686
YEAR_2045;MOTORCYCLE_GASOLINE_PUBLIC;0.0002963410638831644;;inf;0.010119049192976088
YEAR_2045;CAR_DIESEL_PUBLIC;9.200023845510971e-06;;inf;0.003337733335943925
YEAR_2045;BUS_DIESEL_PUBLIC;1.3153266180982547e-05;;inf;0.022240200456420903
YEAR_2045;PICKUP_TRUCK_DIESEL_PUBLIC;8.645378241181814e-06;;inf;0.001113211489742692
YEAR_2045;SUV_DIESEL_PUBLIC;8.700166604920804e-06;;inf;0.0012241939202474819
YEAR_2045;MOTORCYCLE_DIESEL_PUBLIC;0.00025998006632164955;;inf;0.003923946363202293
YEAR_2045;BUS_ELEC_PUBLIC;4.192130569483896e-06;;inf;0.020920658030532835
YEAR_2045;PICKUP_TRUCK_ELEC_PUBLIC;7.585728787283672e-06;;inf;0.02690516986244539
YEAR_2045;SUV_ELEC_PUBLIC;7.585728787283687e-06;;inf;0.026905169862445392
YEAR_2045;MOTORCYCLE_ELEC_PUBLIC;10.624488118539743;;inf;93070.24265167624
YEAR_2045;CAR_BEV;119.63821591636464;;inf;177.61712781361717
YEAR_2045;CAR_FG_PRIVATE;2.594274782213684e-06;;inf;0.022180337713428536
YEAR_2045;BUS_FG_PRIVATE;3.1587994318426865e-05;;inf;0.27006868604517026
YEAR_2045;PICKUP_TRUCK_FG_PRIVATE;4.846221343008965e-07;;inf;0.004143386304292816
YEAR_2045;SUV_FG_PRIVATE;1.3479472418447703e-06;;inf;0.011524579142109904
YEAR_2045;MOTORCYCLE_FG_PRIVATE;2.012788246768505e-05;;inf;0.17208787351681526
YEAR_2045;CAR_GASOLINE_PRIVATE;1.3208420452961084e-06;;inf;0.011292837147252611
YEAR_2045;BUS_GASOLINE_PRIVATE;8.613951243110453;;inf;73646.92010619109
YEAR_2045;PICKUP_TRUCK_GASOLINE_PRIVATE;6.012774294837238e-07;;inf;0.005140757076639043
YEAR_2045;SUV_GASOLINE_PRIVATE;8.38082112427268e-07;;inf;0.007165372154355416
YEAR_2045;MOTORCYCLE_GASOLINE_PRIVATE;1.0645841161755617e-06;;inf;0.009101902151235141
YEAR_2045;CAR_DIESEL_PRIVATE;4.010720991422893e-07;;inf;0.0034290564235523353
YEAR_2045;BUS_DIESEL_PRIVATE;8.390004019457748e-06;;inf;0.0272126318098155
YEAR_2045;PICKUP_TRUCK_DIESEL_PRIVATE;1.2802566155641168e-07;;inf;0.0010945842856643169
YEAR_2045;SUV_DIESEL_PRIVATE;1.4014543710472264e-07;;inf;0.0011982050418446267
YEAR_2045;MOTORCYCLE_DIESEL_PRIVATE;4.2657419584086905e-07;;inf;0.0036470923544618394
YEAR_2045;BUS_ELEC_PRIVATE;3.0000852058478495e-05;;inf;0.2628074640322716
YEAR_2045;PICKUP_TRUCK_ELEC_PRIVATE;5.734609393395816e-06;;inf;0.05023517828614735
YEAR_2045;SUV_ELEC_PRIVATE;5.7346093933958174e-06;;inf;0.05023517828614736
YEAR_2045;MOTORCYCLE_ELEC_PRIVATE;32.22686464009439;;inf;282307.3342472269
YEAR_2045;TRAIN_FREIGHT;0.3449315447455988;;inf;1034.794632953651
YEAR_2045;TRAIN_FREIGHT_ELEC;0.0014144215473804076;;inf;4.127059963549048
YEAR_2045;BOAT_FREIGHT_DIESEL;0.05472680325859068;;inf;0.024586039877219357
YEAR_2045;BOAT_FREIGHT_ELEC;0.008127194075402144;;inf;71.19422010052277
YEAR_2045;TRUCK_ELEC;19.493558189311425;;inf;15811.44171201183
YEAR_2045;TRUCK_FG;0.20255939397941802;;inf;2.1972420563215938
YEAR_2045;VAN_FG;4.408107886554709e-07;;inf;0.003768811317572983
YEAR_2045;TRUCK_GASOLINE;9.960015012791658e-06;;inf;0.08515539607798606
YEAR_2045;VAN_GASOLINE;1.8211506166941707e-07;;inf;0.001557033818554392
YEAR_2045;CARGO_MOTORCYCLE_GASOLINE;6.178888337899231e-07;;inf;0.005412706183999727
YEAR_2045;TRUCK_DIESEL_P;6.852425312655862e-07;;inf;0.004307694854552971
YEAR_2045;VAN_DIESEL;9.239114297045103e-08;;inf;0.0007899189271946098
YEAR_2045;CARGO_MOTORCYCLE_DIESEL;4.217765037312618e-08;;inf;0.0003694762172685854
YEAR_2045;VAN_ELEC;8.081221385789828e-07;;inf;0.007079149933951889
YEAR_2045;CARGO_MOTORCYCLE_ELEC;3.3137585650226597e-07;;inf;0.00290285250295985
YEAR_2045;AIR_LFO;2.896363707351491;;inf;2896.36370376
YEAR_2045;COMM_MACHINERY_DIESEL;;;inf;-0.013299160786703429
YEAR_2045;COMM_MACHINERY_EL;0.011442102708053018;;inf;100.2300351607867
YEAR_2045;IND_MACHINERY_EL;0.2763604825342466;;inf;2420.917827
YEAR_2045;TRACTOR_DIESEL;9.683496355325678e-06;;inf;0.004146785574747715
YEAR_2045;TRACTOR_EL;0.0074472759858341874;;inf;65.22526621442525
YEAR_2045;AGR_MACHINERY_DIESEL;;;inf;-0.0023148800981673823
YEAR_2045;AGR_MACHINERY_EL;0.03401916987163878;;inf;297.99469888009816
YEAR_2045;MIN_MACHINERY_DIESEL;;;inf;-0.004490649791015766
YEAR_2045;MIN_MACHINERY_EL;0.2902119363060295;;inf;2542.2455416497905
YEAR_2045;FISH_MACHINERY_DIESEL;;;inf;-0.006097998243750569
YEAR_2045;FISH_MACHINERY_EL;0.06679344800806897;;inf;585.1025389982437
YEAR_2045;OIL_TO_HVC;0.001259708253519568;;inf;0.01582203356183568
YEAR_2045;GAS_TO_HVC;0.00041190762060927197;;inf;1.6353993800512363
YEAR_2045;BIOMASS_TO_HVC;0.2628275489814271;;inf;2288.555113102838
YEAR_2045;DAM_STORAGE;567.589001810706;567.589;567.58901;-46.24435607348241
YEAR_2045;BEV_BATT;118.68870626623477;;inf;28.595954742346482
YEAR_2045;H2_STORAGE;0.010948638654121944;;inf;-0.0009293510407519998
YEAR_2045;CO2_STORAGE;0.0037380262666653007;;inf;-0.000794344307573666
YEAR_2045;GASOLINE_STORAGE;22.756475785634688;;inf;1.5931145291858684e-12
YEAR_2045;DIESEL_STORAGE;22.817938603400993;;inf;3.582911745070305e-12
YEAR_2045;LFO_STORAGE;98.92233287148886;;inf;2.3983481867162482e-11
YEAR_2045;LPG_STORAGE;23.80460167418677;;inf;-4.147793219999585e-12
YEAR_2045;EFFICIENCY;0.857142857;;inf;
YEAR_2045;GRID;4.965117424291608;;inf;
YEAR_2045;H2_ELECTROLYSIS;;;inf;
YEAR_2045;SYN_METHANATION;;;inf;
YEAR_2045;ATM_CCS;9.498109258906526e-06;;inf;0.0003916677689910529
YEAR_2045;INDUSTRY_CCS;2.0780710519859116e-05;;inf;0.0004026765385826131
YEAR_2045;FERMENTATION_TO_BIOETHANOL;0.2763039202411548;;0.27657384;2226.7722493919246
YEAR_2045;ESTERIFICATION_TO_BIODIESEL;0.811682934;0.811682934;0.811682934;2.7301407889623617
YEAR_2045;BIOMASS_TO_GASOLINE;1.882284461418215e-05;;inf;0.11038137419322831
YEAR_2045;BIOMASS_TO_DIESEL;4.190317666553626e-05;;inf;0.31675077082500425
YEAR_2045;BIOMASS_TO_JET_FUEL;0.01631532502196183;;inf;130.0559833684856
YEAR_2045;POWER_TO_GASOLINE;2.7393224408140362e-05;;inf;0.10943833043787435
YEAR_2045;POWER_TO_DIESEL;3.267239213386483e-05;;inf;0.13880366747401046
YEAR_2045;POWER_TO_JET_FUEL;0.15945013643856734;;inf;1259.8939685589896
YEAR_2045;H2_TO_GASOLINE;1.7390655193849222e-05;;inf;0.000500027880440097
YEAR_2045;H2_TO_DIESEL;1.7396097350968623e-05;;inf;0.0005029311931424135
YEAR_2045;H2_TO_JET_FUEL;1.7398242565549608e-05;;inf;0.000511001286216053
YEAR_2050;CCGT;0.00012972891610849537;;inf;0.005115600801642585
YEAR_2050;PV;26.772632237210203;0.1703;40000.0;54135.24432833051
YEAR_2050;WIND_ONSHORE;2.8096736175557604;0.1728;260.0;7548.889124743932
YEAR_2050;HYDRO_DAM;6.354584186866672;0.56655;10.45001;20501.149029994285
YEAR_2050;HYDRO_RIVER;0.9622291477601234;0.65423;0.96223;4980.985416924414
YEAR_2050;GEOTHERMAL;0.8849975555395019;0.055;0.885;6432.822683639853
YEAR_2050;OCGT;0.00014533223436558325;;inf;0.0024882043794726915
YEAR_2050;GENSET_DIESEL;0.00041847740550755435;;inf;0.04122325021803514
YEAR_2050;ST_BIOMASS;0.22563386466836388;0.22563;0.847;0.02265370623900079
YEAR_2050;ST_SNG;0.0011139633435378465;0.001;0.321;0.011319341910642693
YEAR_2050;CONVENTIONAL_BULB;;;inf;
YEAR_2050;LED_BULB;0.017799160473498048;;inf;149.1991008056544
YEAR_2050;CONVENTIONAL_LIGHT;4.7383799281118205e-06;;inf;0.015747125613176788
YEAR_2050;LED_LIGHT;0.008727903800590815;;inf;73.17021437722127
YEAR_2050;IND_COGEN_WOOD;1.8864764606245101;;inf;0.22011440182312306
YEAR_2050;IND_BOILER_WOOD;1.6953347614687568;;inf;416.129050597384
YEAR_2050;IND_BOILER_OIL;2.880930120429705e-05;;inf;0.10478039414558069
YEAR_2050;IND_DIRECT_ELEC;2.5788776940231437;;inf;21332.65164864264
YEAR_2050;IND_BOILER_DIESEL;5.950514371251109e-06;;inf;0.03163875968860726
YEAR_2050;IND_BOILER_LPG;2.073611529427393e-06;;inf;0.013122285049393074
YEAR_2050;DHN_BOILER_GAS;;;inf;
YEAR_2050;DHN_BOILER_OIL;;;inf;
YEAR_2050;DEC_BOILER_GAS;0.08942538990670013;;inf;0.0073197839894316545
YEAR_2050;DEC_SOLAR;167.9046;0.019300553;48700.0;1555.4994254438786
YEAR_2050;DEC_DIRECT_ELEC;21.132959797052983;;inf;236.2636252598691
YEAR_2050;IND_ELEC_COLD;;;inf;
YEAR_2050;DEC_ELEC_COLD;0.02403908915199574;;inf;132.404373
YEAR_2050;REFRIGERATOR_EL;0.05276407191780823;;inf;462.21326999999997
YEAR_2050;STOVE_WOOD;1.3536555222384585e-06;;inf;0.008346653152293916
YEAR_2050;STOVE_LPG;0.7492633108645788;;inf;0.012252170320094666
YEAR_2050;STOVE_NG;2.938687624848277e-07;;inf;0.0024801723752628044
YEAR_2050;STOVE_OIL;4.898594299756703e-06;;inf;0.02678951255024334
YEAR_2050;STOVE_ELEC;4.154885897738778;;inf;6824.400087035943
YEAR_2050;TRAMWAY_TROLLEY;0.05445510401796657;;inf;476.9652160087409
YEAR_2050;CAR_FG_PUBLIC;2.1819839467510722e-05;;inf;0.0007765603217236287
YEAR_2050;BUS_FG_PUBLIC;3.0351007358508593e-05;;inf;0.0030822268674130576
YEAR_2050;PICKUP_TRUCK_FG_PUBLIC;2.185573370034864e-05;;inf;0.00018649788236484326
YEAR_2050;SUV_FG_PUBLIC;2.181058283997831e-05;;inf;0.0004751212193798461
YEAR_2050;MOTORCYCLE_FG_PUBLIC;0.0005963500161160609;;inf;0.002758397442363872
YEAR_2050;CAR_GASOLINE_PUBLIC;2.3374612066041327e-05;;inf;0.02327540400197012
YEAR_2050;BUS_GASOLINE_PUBLIC;3.7651574929711704e-05;;inf;0.13994904823455995
YEAR_2050;PICKUP_TRUCK_GASOLINE_PUBLIC;2.2903857395619357e-05;;inf;0.012377827989406755
YEAR_2050;SUV_GASOLINE_PUBLIC;2.297108877466434e-05;;inf;0.015968404812726513
YEAR_2050;MOTORCYCLE_GASOLINE_PUBLIC;0.0006004924457414801;;inf;0.025138069341061543
YEAR_2050;CAR_DIESEL_PUBLIC;2.1843767345457548e-05;;inf;0.007725281311676269
YEAR_2050;BUS_DIESEL_PUBLIC;3.233907184227976e-05;;inf;0.04690280536131215
YEAR_2050;PICKUP_TRUCK_DIESEL_PUBLIC;2.163350598575313e-05;;inf;0.002699203209044914
YEAR_2050;SUV_DIESEL_PUBLIC;2.1640060959156298e-05;;inf;0.0029571871708793072
YEAR_2050;MOTORCYCLE_DIESEL_PUBLIC;0.0006025937137277898;;inf;0.009251572010478003
YEAR_2050;BUS_ELEC_PUBLIC;2.2947471186921344e-05;;inf;0.10241519047037038
YEAR_2050;PICKUP_TRUCK_ELEC_PUBLIC;2.543762518124261e-05;;inf;0.07698961486606234
YEAR_2050;SUV_ELEC_PUBLIC;2.5437625181242615e-05;;inf;0.07698961486606234
YEAR_2050;MOTORCYCLE_ELEC_PUBLIC;11.036779070728986;;inf;96681.23261888477
YEAR_2050;CAR_BEV;0.021072075424915595;;inf;184.59138072226057
YEAR_2050;CAR_FG_PRIVATE;1.6792168113312156e-06;;inf;0.0007627387484468863
YEAR_2050;BUS_FG_PRIVATE;3.1587994318426865e-05;;inf;0.0030480719350335604
YEAR_2050;PICKUP_TRUCK_FG_PRIVATE;3.078776300093053e-07;;inf;0.00018770353935335912
YEAR_2050;SUV_FG_PRIVATE;8.371166205559841e-07;;inf;0.00046507310626122875
YEAR_2050;MOTORCYCLE_FG_PRIVATE;1.7856653745197506e-05;;inf;0.0025422898452951586
YEAR_2050;CAR_GASOLINE_PRIVATE;3.338882257284536e-06;;inf;0.028546527360818967
YEAR_2050;BUS_GASOLINE_PRIVATE;3.16957246037503;;inf;27098.97504315722
YEAR_2050;PICKUP_TRUCK_GASOLINE_PRIVATE;1.6347139006259275e-06;;inf;0.013976355407417523
YEAR_2050;SUV_GASOLINE_PRIVATE;2.1170105139715677e-06;;inf;0.018099859145491497
YEAR_2050;MOTORCYCLE_GASOLINE_PRIVATE;2.6456411053377904e-06;;inf;0.022619505685071695
YEAR_2050;CAR_DIESEL_PRIVATE;9.328974219985528e-07;;inf;0.007976017040977586
YEAR_2050;BUS_DIESEL_PRIVATE;5.781366318070149e-06;;inf;0.049429096046031185
YEAR_2050;PICKUP_TRUCK_DIESEL_PRIVATE;3.078837250975978e-07;;inf;0.0026323213893734054
YEAR_2050;SUV_DIESEL_PRIVATE;3.3577605086432197e-07;;inf;0.0028707931231158924
YEAR_2050;MOTORCYCLE_DIESEL_PRIVATE;9.908120996096622e-07;;inf;0.0084711716471071
YEAR_2050;BUS_ELEC_PRIVATE;7.932763996799393e-05;;inf;0.6949101261196269
YEAR_2050;PICKUP_TRUCK_ELEC_PRIVATE;1.3709265614900482e-05;;inf;0.12009316678652823
YEAR_2050;SUV_ELEC_PRIVATE;1.3709265614900487e-05;;inf;0.12009316678652826
YEAR_2050;MOTORCYCLE_ELEC_PRIVATE;39.11686196858502;;inf;342663.71084480477
YEAR_2050;TRAIN_FREIGHT;0.3449315447455988;;inf;0.36200199470362737
YEAR_2050;TRAIN_FREIGHT_ELEC;0.35973797671389984;;inf;1078.8640100361963
YEAR_2050;BOAT_FREIGHT_DIESEL;0.05472680325859068;;inf;0.06703399036878055
YEAR_2050;BOAT_FREIGHT_ELEC;0.008437746725562925;;inf;73.91466131593123
YEAR_2050;TRUCK_ELEC;20.2524583994904;;inf;16426.99410742099
YEAR_2050;TRUCK_FG;1.5039584060380433e-07;;inf;0.0012858431798195632
YEAR_2050;VAN_FG;3.0565307859213726e-07;;inf;0.00013607733947418622
YEAR_2050;TRUCK_GASOLINE;2.1267172238251126e-05;;inf;0.18182848851945868
YEAR_2050;VAN_GASOLINE;4.966539775380709e-07;;inf;0.004246255263334941
YEAR_2050;CARGO_MOTORCYCLE_GASOLINE;1.5866577883088042e-06;;inf;0.013899122225585125
YEAR_2050;TRUCK_DIESEL_P;1.2695167566571748e-06;;inf;0.010854020009200894
YEAR_2050;VAN_DIESEL;2.3092609012993961e-07;;inf;0.0019743547218051822
YEAR_2050;CARGO_MOTORCYCLE_DIESEL;1.0754564679245848e-07;;inf;0.0009420998659019364
YEAR_2050;VAN_ELEC;2.079235775320535e-06;;inf;0.018214105391807886
YEAR_2050;CARGO_MOTORCYCLE_ELEC;8.435231352004154e-07;;inf;0.007389262664355638
YEAR_2050;AIR_LFO;3.0087263309508203;;inf;3008.72632722
YEAR_2050;COMM_MACHINERY_DIESEL;4.588878064391844e-06;;inf;0.008433966565793843
YEAR_2050;COMM_MACHINERY_EL;0.011884467902055175;;inf;104.09614803343419
YEAR_2050;IND_MACHINERY_EL;0.2963249631278539;;inf;2595.806677
YEAR_2050;TRACTOR_DIESEL;0.003400917667152813;;inf;4.444829601396146
YEAR_2050;TRACTOR_EL;0.007733459822860957;;inf;63.31511839860384
YEAR_2050;AGR_MACHINERY_DIESEL;1.2814417217413276e-06;;inf;0.0022254657959157598
YEAR_2050;AGR_MACHINERY_EL;0.03533707899543379;;inf;309.5505865342041
YEAR_2050;MIN_MACHINERY_DIESEL;3.937379905116778e-06;;inf;0.005016364162932163
YEAR_2050;MIN_MACHINERY_EL;0.31382414238391665;;inf;2749.091823635837
YEAR_2050;FISH_MACHINERY_DIESEL;1.2480842685458349e-06;;inf;0.0004289027583606053
YEAR_2050;FISH_MACHINERY_EL;0.06938328919219211;;inf;607.7944630972416
YEAR_2050;OIL_TO_HVC;0.24311408239424318;;inf;818.4744121598214
YEAR_2050;GAS_TO_HVC;0.00026273692245089476;;inf;0.0027043992850311785
YEAR_2050;BIOMASS_TO_HVC;0.27102929816004834;;inf;1560.5790781623723
YEAR_2050;DAM_STORAGE;567.5890058562834;567.589;567.58901;-40.98179611642979
YEAR_2050;BEV_BATT;0.02090483673106706;;inf;29.718793643032473
YEAR_2050;H2_STORAGE;0.02908632764670636;;inf;-0.0009656825803731499
YEAR_2050;CO2_STORAGE;0.01087069457592246;;inf;-0.000794344307574039
YEAR_2050;GASOLINE_STORAGE;292.7655145492142;;inf;7.285194669748307e-11
YEAR_2050;DIESEL_STORAGE;37.72548689611624;;inf;-9.78772618509538e-12
YEAR_2050;LFO_STORAGE;1731.803578222578;;inf;-1.3302269508130848e-08
YEAR_2050;LPG_STORAGE;36.93188359121669;;inf;7.934652934693531e-12
YEAR_2050;EFFICIENCY;1.0;;inf;
YEAR_2050;GRID;14.280869616452778;;inf;
YEAR_2050;H2_ELECTROLYSIS;;;inf;
YEAR_2050;SYN_METHANATION;;;inf;
YEAR_2050;ATM_CCS;3.0513419862822584e-05;;inf;0.00039865470126911886
YEAR_2050;INDUSTRY_CCS;6.434795499947947e-05;;inf;0.0003956896063049201
YEAR_2050;FERMENTATION_TO_BIOETHANOL;3.409347478051407e-05;;0.27657384;0.03212714362975593
YEAR_2050;ESTERIFICATION_TO_BIODIESEL;0.811682934;0.811682934;0.811682934;0.018357672836691222
YEAR_2050;BIOMASS_TO_GASOLINE;2.5364006319537883e-05;;inf;0.05417073651763728
YEAR_2050;BIOMASS_TO_DIESEL;4.155236006737352e-05;;inf;0.0935627840628432
YEAR_2050;BIOMASS_TO_JET_FUEL;0.016311118456599924;;inf;11.419236169615383
YEAR_2050;POWER_TO_GASOLINE;7.456914967076388e-05;;inf;0.24051630335491003
YEAR_2050;POWER_TO_DIESEL;9.497147844196303e-05;;inf;0.34272933194997546
YEAR_2050;POWER_TO_JET_FUEL;0.5046553058035026;;inf;2920.987542287539
YEAR_2050;H2_TO_GASOLINE;6.197744928749552e-05;;inf;0.0004929795122172959
YEAR_2050;H2_TO_DIESEL;6.198896323809922e-05;;inf;0.0004985294444558978
YEAR_2050;H2_TO_JET_FUEL;6.19867880515975e-05;;inf;0.0005019123451682441
